dataset,backend,method,lambda1,lambda2,lambda3,robustness_keep_rate_mean,div_cont_mad_mean,prox_cont_mad_negmean_mean,sparsity_cont_mean
german-credit,sklearn,DiCE-Ext,4.622589001020832,0.26587543983272705,0.23102018878452935,0.7777777777777777,1.9939268281344424,-1.678879849586,0.380952380952381
german-credit,sklearn,DiCE-Ext,0.7309539835912913,0.38234752246751863,1.6738085788752133,0.7999999999999999,1.0218773857302983,-1.1974935820949488,0.42857142857142866
german-credit,sklearn,DiCE-Ext,0.19010245319870356,0.3839629299804172,0.5404103854647329,0.8222222222222222,1.3164441965092792,-1.1293130646335983,0.41904761904761906
german-credit,sklearn,DiCE-Ext,0.8168455894760165,3.7183641805732095,0.2508115686045233,0.711111111111111,1.1504547027618943,-1.0620864777194097,0.42857142857142866
german-credit,sklearn,DiCE-Ext,1.6409286730647923,0.2193048555664369,0.1349283426801325,0.7333333333333333,1.6796894612058946,-1.3615686031436112,0.45714285714285713
german-credit,sklearn,DiCE-Ext,7.902619549708233,8.536189862866832,4.138040112561017,0.7777777777777777,1.751894173007092,-1.4572418245962013,0.41904761904761906
german-credit,sklearn,DiCE-Ext,1.5696396388661147,6.978281265126034,0.15030900645056822,0.6666666666666666,1.0765109323911797,-0.9476415683965309,0.4666666666666667
german-credit,sklearn,DiCE-Ext,0.19135880487692303,4.02155452669029,0.14096175149815865,0.6888888888888889,1.022523463447642,-0.9455008548597874,0.44761904761904764
german-credit,sklearn,DiCE-Ext,2.8708753481954687,3.487712624545931,0.14063366777718173,0.711111111111111,1.451430637554946,-1.2091126503752603,0.45714285714285713
german-credit,sklearn,DiCE-Ext,1.1103647313054623,0.7162786999897341,0.11241862095793062,0.711111111111111,1.1266008605416349,-0.9927129788893538,0.5238095238095238
german-credit,sklearn,DiCE-Ext,0.28681134821030074,0.14254757044027438,0.3797544798678416,0.7777777777777777,1.1399821280068594,-1.331156875810309,0.42857142857142866
german-credit,sklearn,DiCE-Ext,1.8484491720988625,5.532496914298507,4.048966222584674,0.8222222222222223,1.2874442533277548,-1.5228900975728181,0.34285714285714286
german-credit,sklearn,DiCE-Ext,4.119839624605188,6.197015748809146,0.432520752538653,0.7777777777777779,2.071042102490199,-1.9228430931977958,0.39047619047619053
german-credit,sklearn,DiCE-Ext,0.17367237151593162,0.47340227734041923,7.688106801474955,0.7999999999999999,1.112499754647493,-1.3982178626955717,0.44761904761904764
german-credit,sklearn,DiCE-Ext,0.1659983797444922,0.28567374298471887,0.13400367243354802,0.711111111111111,1.2076442543608181,-1.1826090010795511,0.47619047619047616
german-credit,sklearn,DiCE-Ext,0.5211124595788266,6.0970252974914345,9.360540102485377,0.8222222222222223,1.8845246101477797,-1.63820742875738,0.3238095238095238
german-credit,sklearn,DiCE-Ext,0.4253162363790871,1.179096548677631,0.1515582353959761,0.6666666666666666,1.2671848511614212,-1.0736394299557332,0.45714285714285713
german-credit,sklearn,DiCE-Ext,4.683871708118729,0.6618595597183481,0.14063366777718173,0.711111111111111,0.7924625643727499,-0.8654896977773646,0.4666666666666667
german-credit,sklearn,DiCE-Ext,0.19010245319870356,0.28378638146176255,6.533305220227734,0.711111111111111,1.4578106291871342,-1.0903868305104882,0.380952380952381
german-credit,sklearn,DiCE-Ext,1.9513967655934459,5.948746813219773,0.27810936979265544,0.711111111111111,1.2175969917199987,-1.4010428772875891,0.5142857142857142
german-credit,sklearn,DiCE-Ext,0.5935682912014686,7.472397689332939,0.14063366777718173,0.7777777777777777,0.9716196881182239,-1.0541135026523896,0.4666666666666667
german-credit,sklearn,DiCE-Ext,5.684322462212273,6.0970252974914345,0.3280071082578535,0.7333333333333333,1.4933637053910402,-1.1632966079370246,0.43809523809523804
german-credit,sklearn,DiCE-Ext,0.28681134821030074,4.02155452669029,2.089142634385645,0.7333333333333332,1.1611688076901223,-0.9445071513799143,0.41904761904761906
german-credit,sklearn,DiCE-Ext,4.622589001020832,0.26587543983272705,0.23102018878452935,0.6444444444444444,0.9671157392341903,-0.9093031472270001,0.4666666666666666
german-credit,sklearn,DiCE-Ext,0.17345566642360938,0.20513382630874505,3.3233042062267937,0.7333333333333332,1.9502887928140122,-1.5386458607740743,0.3523809523809524
german-credit,sklearn,DiCE-Ext,3.6287002255540686,0.6618595597183481,3.244160088734161,0.7777777777777777,1.973727963470886,-1.630227222248049,0.35238095238095235
german-credit,sklearn,DiCE-Ext,1.923372012887718,0.147326180595002,0.9718319944817401,0.8222222222222222,1.822578629021844,-1.703400844012624,0.37142857142857144
german-credit,sklearn,DiCE-Ext,1.5751320499779735,6.0970252974914345,0.2051110418843398,0.6444444444444445,1.8259974483339274,-1.3971165140315804,0.41904761904761906
german-credit,sklearn,DiCE-Ext,1.3260331922696553,0.34889766548903667,0.10432637161302089,0.6666666666666666,1.5331093652343246,-1.290247057061245,0.4666666666666667
german-credit,sklearn,DiCE-Ext,0.31883397351001874,0.9874088417386248,0.39972068191218074,0.6888888888888889,2.3098425095170945,-1.7677931187661091,0.31428571428571433
german-credit,sklearn,DiCE-Ext,7.902619549708233,0.6618595597183481,0.14063366777718173,0.711111111111111,0.8148209443230595,-0.9501286680199794,0.5047619047619047
german-credit,sklearn,DiCE-Ext,0.1659983797444922,2.656797431288617,0.13400367243354802,0.6888888888888889,0.8382024700540811,-0.9113126617389554,0.49523809523809526
german-credit,sklearn,DiCE-Ext,1.8484491720988625,0.38234752246751863,4.048966222584674,0.7555555555555555,1.4709637963006006,-1.3607756238410322,0.41904761904761906
german-credit,sklearn,DiCE-Ext,0.29819350171149356,6.0970252974914345,0.4475065500006153,0.7333333333333333,1.9674587162123771,-1.5046619042453733,0.30476190476190473
german-credit,sklearn,DiCE-Ext,0.8168455894760165,1.9918920492197516,0.2508115686045233,0.6888888888888888,1.085870898093482,-0.9549072050991999,0.4666666666666667
german-credit,sklearn,DiCE-Ext,0.8168455894760165,0.12065637774378937,1.0968217207529523,0.711111111111111,2.290189102216437,-1.9497795959689879,0.34285714285714286
german-credit,sklearn,DiCE-Ext,0.23606794572813067,0.12065637774378937,0.30759501068720396,0.6888888888888889,1.2892667834028069,-1.019060635643779,0.42857142857142855
german-credit,sklearn,DiCE-Ext,0.19010245319870356,0.38234752246751863,6.533305220227734,0.8222222222222222,1.7547906755716713,-1.2150244577709595,0.4095238095238095
german-credit,sklearn,DiCE-Ext,1.0122183035228776,1.424976719890158,0.9661295989662239,0.7777777777777777,1.5126545075129518,-1.33729647363881,0.40952380952380957
german-credit,sklearn,DiCE-Ext,1.8484491720988625,5.532496914298507,0.24574572727813157,0.6666666666666666,1.853969287031441,-1.4631760494630652,0.39047619047619053
german-credit,sklearn,DiCE-Ext,0.9525889086580772,2.7855068482535885,0.7148510793512985,0.7555555555555555,1.7631921652487876,-1.3942108172046344,0.380952380952381
german-credit,sklearn,DiCE-Ext,0.7309539835912913,1.179096548677631,1.6738085788752133,0.7555555555555554,1.995076214236644,-1.5646217180873867,0.42857142857142855
german-credit,sklearn,DiCE-Ext,0.1659983797444922,0.12065637774378937,8.088298191148205,0.7777777777777777,1.4499496381696186,-0.9996166302511893,0.3714285714285714
german-credit,sklearn,DiCE-Ext,4.683871708118729,0.2193048555664369,0.1349283426801325,0.6222222222222223,1.4364834529103971,-1.0896811450472366,0.4666666666666666
german-credit,sklearn,DiCE-Ext,0.10737748632897971,1.424976719890158,1.0968217207529523,0.7555555555555555,1.3926526479992147,-1.0358988424526987,0.4095238095238095
german-credit,sklearn,DiCE-Ext,4.683871708118729,7.18848093363432,0.7184032636581681,0.7555555555555555,1.287356649569471,-1.0811320306406542,0.44761904761904764
german-credit,sklearn,DiCE-Ext,0.8168455894760165,1.424976719890158,1.0968217207529523,0.7777777777777778,1.4837246060155271,-1.1957330358111353,0.4095238095238095
german-credit,sklearn,DiCE-Ext,0.5891087281171028,6.0970252974914345,0.4475065500006153,0.7555555555555555,2.04589713789844,-1.633332713495421,0.35238095238095235
german-credit,sklearn,DiCE-Ext,0.23606794572813067,0.12065637774378937,0.30759501068720396,0.7999999999999999,1.050058523029561,-1.0913141080274176,0.41904761904761906
german-credit,sklearn,DiCE-Ext,0.8168455894760165,0.2193048555664369,7.452629792912643,0.7333333333333332,2.0041345254882517,-1.605019034189226,0.3142857142857143
german-credit,sklearn,DiCE-Ext,1.6983001712559078,0.12065637774378937,0.14063366777718173,0.711111111111111,1.5020999075408445,-1.2272110909663787,0.44761904761904764
german-credit,sklearn,DiCE-Ext,1.5751320499779735,0.19061980918553992,0.2051110418843398,0.6666666666666666,1.2597633252237874,-1.0117072918765078,0.4666666666666667
german-credit,sklearn,DiCE-Ext,0.1659983797444922,2.656797431288617,0.10432637161302089,0.5111111111111111,0.6160639259500307,-0.8523259934193874,0.47619047619047616
german-credit,sklearn,DiCE-Ext,0.7309539835912913,0.38234752246751863,6.7062710903674665,0.8222222222222222,1.9553503892065556,-1.7485508706140014,0.3142857142857143
german-credit,sklearn,DiCE-Ext,1.1103647313054623,0.7162786999897341,0.14096175149815865,0.6666666666666666,1.4989825360668187,-1.1795477249365955,0.43809523809523804
german-credit,sklearn,DiCE-Ext,0.19135880487692303,1.3807731717915699,0.11800069021089953,0.7333333333333333,1.4098824890624435,-1.1180045351473924,0.45714285714285713
german-credit,sklearn,DiCE-Ext,4.683871708118729,0.7162786999897341,0.11241862095793062,0.711111111111111,1.0707844565312838,-0.9841666537533769,0.47619047619047616
german-credit,sklearn,DiCE-Ext,1.5751320499779735,0.12065637774378937,0.2051110418843398,0.6888888888888889,1.4499539770350052,-1.3668314402450426,0.4666666666666667
